pdq,seasonal_pdq,AIC,BIC
"(0, 1, 0)","(0, 0, 0, 12)",11166.417117560082,11170.881705863772
"(0, 1, 0)","(1, 0, 0, 12)",11168.02358001361,11176.95275662099
"(0, 1, 0)","(0, 0, 1, 12)",11168.7968323715,11177.72600897888
"(0, 1, 0)","(1, 0, 1, 12)",11168.853613296666,11182.247378207736
"(0, 1, 0)","(1, 1, 1, 12)",11286.38681443767,11299.723973895827
"(0, 1, 0)","(0, 1, 1, 12)",11337.070495566983,11345.961935205754
"(0, 1, 0)","(1, 1, 0, 12)",11363.477843316834,11372.369282955606
"(0, 1, 0)","(0, 1, 0, 12)",11394.694200514326,11399.139920333711
